tcra,tcrb,va,ja,vb,jb,t_cell_type,mhc
CARQDGNQFYF,CASSFQGYTEAF,TRAV18-01,TRAJ49,TRBV03-01,TRBJ01,CD8,HLA-B07:01
UNK,CASSPPLTGQTYEQYF,,,TRBV07-09,TRBJ02,CD8,HLA-A02:01
UNK,CASSAPGLLEQHF,,,TRBV07-02,TRBJ02,CD8,HLA-C07:02
UNK,CASSLRRGFTTGELFF,,,TRBV07-09,TRBJ02,CD8,HLA-A11:01
UNK,CASSLSQESSYEQYF,,,TRBV07-07,TRBJ02,CD8,HLA-B07:01
UNK,CSVRTAGYYEQYF,,,TRBV29-01,TRBJ02,CD8,HLA-A02:01
CAGARRDDKIIF,CASSEPGPWAFF,TRAV27-01,,TRBV09-01,,,HLA-A02:01
UNK,CASSDGQPQHF,,,TRBV19-01,TRBJ01,CD8,HLA-A02:01
CAFGHGSSNTGKLIF,CASSMVGGSYNEQFF,TRAV38-01,TRAJ37,TRBV19-01,TRBJ02,CD8,HLA-DQ02:01
UNK,CASSVAGGYEQYF,,,TRBV09-01,,,HLA-A02:01
UNK,CASRPGQGGYEQYF,,,TRBV27-01,TRBJ02,CD8,HLA-B57:03
CAVPTNFGNEKLTF,CASSLEGTGLTDTQYF,TRAV12-01,,TRBV05-01,,,HLA-A02:01
UNK,CASSLGSMQETQYF,,,TRBV07-09,TRBJ02,CD8,HLA-C07:02
UNK,CASSRSRWEFYGYTF,,,TRBV28-01,,,HLA-A02:01
UNK,CASSQVPGQGDYGYTF,,,TRBV04-01,TRBJ01,CD8,HLA-A02:01
CAMRDSVAAGNKLT,CASSSLIRGLGNQPQHF,,,TRBV28-01,TRBJ01,CD8,HLA-B57:03
CADDMNRDDKIIF,CASSSGTGAYEQYF,TRAV05-01,,TRBV06-02,,,HLA-B07:01
UNK,CASMTGQKNSPLHF,,,TRBV06-01,TRBJ01,CD8,HLA-C07:02
UNK,CASSLEAWDEQFF,,,TRBV05-04,TRBJ02,CD8,HLA-A02:01
UNK,CAWSPEAGGPGELFF,,,TRBV30-01,TRBJ02,CD8,HLA-B07:01
UNK,CASSPARNAGELFF,,,TRBV07-06,TRBJ02,CD8,HLA-B07:01
UNK,CASSQTGYSNQPQHF,,,TRBV04-01,TRBJ01,CD8,HLA-C07:02
UNK,CASNPGQGDEQYF,,,TRBV07-09,TRBJ02,CD8,HLA-B07:01
UNK,CASSAIGGAYEQYF,,,TRBV09-01,TRBJ02,CD8,HLA-A01:01
UNK,CASSNSYPISIHTEAFF,,,TRBV03-01,TRBJ01,CD4,HLA-DR01:04
UNK,CATNTGGYTEAFF,,,TRBV19-01,TRBJ01,CD8,HLA-B07:01
UNK,CASSFRTGGSYEQYF,,,TRBV07-09,TRBJ02,CD8,HLA-A02:01
UNK,CAPRGGTNTGELFF,,,TRBV04-02,TRBJ02,CD8,HLA-B07:02
CAEKGGTALIF,CSVRGQGDEQF,TRAV15-01,TRAJ16,TRBV29-01,TRBJ02,CD8,HLA-B07:01
UNK,CATPTNLGGGGGNYF,TRAV08-06,TRAJ42,TRBV07-08,TRBJ02,CD8,HLA-A02:01
UNK,CASSLGASPGELFF,,,TRBV27-01,TRBJ02,CD8,HLA-B07:01
CAVNMGGGSQGNLIF,CASSSRASYEQYF,TRAV12-02,,TRBV19-01,,CD8,HLA-A02:01
UNK,CAWSHSLNSYEQYF,,,TRBV30-01,TRBJ02,CD8,HLA-B07:01
UNK,CASSLVSGGMDEQF,,,TRBV07-02,TRBJ02,CD4,HLA-DQ02:01
UNK,CATQYGGNQPQHF,,,TRBV19-01,TRBJ01,CD8,HLA-B07:02
CATDNDMRF,CASSFGPDEQYF,TRAV17-01,,TRBV13-01,,,HLA-DR01:04
UNK,CASRVGLAGNNEQF,,,TRBV27-01,TRBJ02,CD8,HLA-A02:01
UNK,CAISECAIRGTSGLTDTQYF,,,TRBV10-03,TRBJ02,CD8,HLA-B57:03
UNK,CASSLMVDEYF,,,TRBV07-06,TRBJ02,CD8,HLA-B07:01
CAGGGSQGNLIF,CASSISGGPGETQYF,TRAV05-01,TRAJ42,TRBV27-01,TRBJ02,CD8,HLA-B42:01
UNK,CSAPDWNNEQFF,,,TRBV20-01,TRBJ02,CD8,HLA-B15:01
UNK,CASSPRDFSYEQYF,,,TRBV09-01,TRBJ02,,HLA-A02:01
UNK,CASSPRQGQEQY,,,TRBV07-09,TRBJ02,CD8,HLA-B42:01
UNK,CASRQTLSSGNTIYF,,,TRBV28-01,TRBJ01,CD8,HLA-A01:01
UNK,CAISGMGQRDNEQF,,,TRBV10-03,TRBJ02,CD8,HLA-B08:01
UNK,CASRGRSSYEQYF,TRAV27-01,TRAJ37,TRBV19-01,TRBJ02,CD8,HLA-A02:01
UNK,CASGLGTSGGVGELFF,,,TRBV27-01,TRBJ02,CD8,HLA-A02:01
UNK,CAISEETPNTEAFF,,,TRBV10-03,TRBJ01,CD8,HLA-A11:01
CAGPLDSNYQLIW,CATSESRGGGYGYTF,TRAV27-01,TRAJ33,TRBV15-01,TRBJ01,CD8,HLA-A02:01
UNK,CASSSLGGDEQFF,,,TRBV07-02,TRBJ02,CD8,HLA-A01:01
UNK,CASSPLTLTGELFF,,,TRBV25-01,TRBJ02,CD8,HLA-B07:01
UNK,CASRLGLAGGINEQF,,,TRBV27-01,TRBJ02,CD8,HLA-B07:02
UNK,CASSSGIGDTQYF,,,TRBV12-01,TRBJ02,CD8,HLA-A02:01
UNK,CASSDRASGVGEQFF,,,TRBV02-01,TRBJ02,"CD4,CD8",HLA-DR11:01
CAVTGDDKIIF,CASSSQGAYGYTF,TRAV12-02,TRAJ30,TRBV07-02,TRBJ01,CD8,HLA-A02:01
CALSDRGGGADGLTF,CASSSQTGPYSNQPQHF,TRAV09-02,,TRBV06-05,,,HLA-B07:02
UNK,CASSKSYREVLEQYF,,,TRBV04-03,TRBJ02,CD8,HLA-A02:01
UNK,CASSLAHLDRGDGYTF,,,TRBV07-08,TRBJ01,CD8,HLA-B07:01
UNK,CSVSDLGVGQPQHF,,,TRBV20-01,TRBJ01,CD8,HLA-DR01:04
UNK,CASSWAGGPRDEQYF,,,TRBV06-01,TRBJ02,CD8,HLA-B35:01
UNK,CSAEGGGSYEQYF,,,TRBV29-01,TRBJ02,CD8,HLA-A02:01
UNK,CASSPSTTLSSGASGETQYF,,,TRBV09-01,TRBJ02,CD8,HLA-A02:01
UNK,CASLSPIRDRGTGELF,,,TRBV11-02,TRBJ02,CD8,HLA-B07:01
UNK,CAWSLTLHPRYEQYF,,,TRBV30-01,TRBJ02,CD8,HLA-A02:01
UNK,CAVGPSNTGKLIF,TRAV25-01,TRAJ42,TRBV22-01,TRBJ37,CD8,HLA-A02:01
CAVGAGNNDMRF,CASSVYSTDTQYF,TRAV08-03,,TRBV09-01,,,HLA-B07:01
UNK,CASSLQVASGSREEQFF,,,TRBV07-02,,CD8,HLA-A02:01
UNK,CASSLMGPGQPQHF,,,TRBV07-09,TRBJ01,CD8,HLA-A02:01
CVVTDDKIIF,CASNGGLAYEQYF,TRAV12-01,TRAJ30,TRBV06-03,TRBJ02,CD8,HLA-A02:01
UNK,CASSPVGRGTEAF,,,TRBV04-03,TRBJ01,CD8,HLA-B42:01
UNK,CAWSDETGEGGYTQYF,,,TRBV30-01,TRBJ02,CD8,HLA-B07:01
UNK,CASSSWTGQDEQF,,,TRBV07-06,TRBJ02,CD8,HLA-C07:02
UNK,CASSVAELAGGTDTQYF,,,TRBV01-01,TRBJ02,CD8,HLA-DR01:15
CAADSWGKLQF,CATSDSTGSYGYTF,TRAV12-01,,TRBV24-01,,,HLA-A02:01
UNK,CASSYTGSEAF,,,TRBV06-02,TRBJ01,CD8,HLA-DR15:01
UNK,CASSPRVFSVGELFF,,,TRBV02-01,TRBJ02,"CD4,CD8",HLA-DR15:01
CAVGEYGNKLVF,CASSPGPYEQYF,TRAV12-01,,TRBV05-01,,,HLA-A02:01
CAGASGGGSQGNLIF,CASSGRSTDTQYF,TRAV25-01,TRAJ04,TRBV01-01,TRBJ02,CD8,HLA-A02:01
UNK,CASSSTTSGYEQYF,,,TRBV07-09,TRBJ02,CD8,HLA-B07:02
CAVYTGGFKTIF,CASSFGGSSYEQYF,TRAV12-02,,TRBV12-03,,,HLA-A01:01
UNK,CASSNRQGGTGELF,,,TRBV05-01,TRBJ02,CD8,HLA-A02:01
UNK,CASSLEGAFSANYGYTF,,,TRBV07-02,TRBJ02,CD4,HLA-DQ02:01
UNK,CASIGNEQFF,,,TRBV06-02,TRBJ02,CD8,HLA-B07:01
UNK,CASSRDSNQPQHF,,,,,CD4,HLA-A02:01
UNK,CASSVVGGGAADTQYF,,,TRBV09-01,TRBJ02,CD8,HLA-B42:01
UNK,CAAGTGDSNQPQHF,,,TRBV10-03,TRBJ01,CD8,HLA-B07:02
UNK,CASSLRSGRAYAQETQCF,,,TRBV28-01,TRBJ02,CD8,HLA-B08:01
UNK,CASSLAHGYEQYF,,,TRBV07-06,TRBJ02,CD8,HLA-B07:01
UNK,CASSLEGRYSNQPQHF,,,TRBV07-02,TRBJ01,CD8,HLA-B27:05
UNK,CASSQEGTGSYEQYF,,,TRBV06-02,TRBJ02,,HLA-A02:01
CVANKILQASKLF,CASSNGQGAETQYF,,,,TRBJ02,CD4,HLA-A02:01
UNK,CSAKRPSSYNEQFF,,,TRBV06-05,TRBJ01,CD8,HLA-A02:01
UNK,CASSLRTSGGSDTQYF,,,TRBV02-01,TRBJ02,"CD4,CD8",HLA-DR01:04
CAVVQTSGSRLTF,CASSWRRGTDTQYF,TRAV39-01,,TRBV13-01,,,HLA-A02:01
UNK,CASSAWSPHSDNEQFF,,,TRBV03-01,TRBJ02,CD4,HLA-DR01:04
UNK,CASSVVGGGAANEQFF,,,TRBV07-03,TRBJ02,CD8,HLA-A02:01
UNK,CAWSVWDRGYEQYF,,,TRBV30-01,TRBJ02,CD8,HLA-B08:01
UNK,CASSELGATIYEQYF,,,TRBV02-01,TRBJ02,CD8,HLA-B57:01
UNK,CASSQDLAGGLEQYF,,,TRBV04-01,TRBJ02,CD8,HLA-A02:01
UNK,CASSPTWGGADTQYF,,,TRBV07-06,TRBJ02,CD8,HLA-A02:01
CAVSGGKLIF,CASSPQGFSYEQYF,TRAV12-02,TRAJ37,TRBV12-04,TRBJ02,CD8,HLA-DR15:01
UNK,CASRLGETQYF,,,TRBV06-02,TRBJ02,CD8,HLA-A02:01
UNK,CASSRTGGAETQYF,,,TRBV02-01,TRBJ01,"CD4,CD8",HLA-DR01:01
UNK,CASSSSQADEQFF,,,TRBV07-09,TRBJ02,CD8,HLA-A02:01
UNK,CASSLYSPRAANTGEF,,,TRBV28-01,TRBJ02,CD8,HLA-B57:01
UNK,CASATGADTEAFF,,,TRBV07-06,TRBJ01,CD8,HLA-B08:01
UNK,CASSLAQTTPLNEQF,,,TRBV07-09,TRBJ02,CD8,HLA-DR01:04
UNK,CSVEEETNYGYF,,,TRBV29-01,TRBJ01,CD8,HLA-B42:01
CAGADGGSQGNLIF,CASSSRSANEQFF,TRAV02-01,TRAJ04,TRBV19-01,TRBJ02,CD8,HLA-A02:01
UNK,CASSYGGQGSEKLF,,,TRBV06-01,TRBJ01,CD8,HLA-B07:01
UNK,CASRPRRAGGDQELFF,,,TRBV07-08,TRBJ02,CD8,HLA-A02:01
UNK,CASSLGLSGTQYF,,,TRBV07-02,TRBJ02,CD8,HLA-A02:01
UNK,CASSIRSVAEAFF,,,TRBV19-01,TRBJ01,CD8,HLA-A01:01
UNK,CASRALASGGEQFF,,,TRBV02-01,TRBJ02,"CD4,CD8",HLA-DR15:01
UNK,CASSLVGQLETQYF,,,TRBV11-02,TRBJ02,CD8,HLA-A02:01
UNK,CAWGDRGGYGYTF,,,TRBV30-01,TRBJ01,CD8,HLA-B07:01
UNK,CASSQGLGTDWNYGYTF,,,TRBV04-03,TRBJ01,CD8,HLA-B07:01
UNK,CASSQDYNEQFF,,,TRBV04-01,TRBJ02,CD8,HLA-A02:01
CAMRESVSSGSARQLT,CASSSWEGLDTQY,,,TRBV07-06,TRBJ02,CD8,HLA-B07:01
UNK,CASSLERLAGASTDTQYF,,,TRBV28-01,TRBJ02,CD8,HLA-DR01:04
CAGAGSQGNLIF,CASSSGSYGYTF,TRAV27-01,TRAJ42,TRBV19-01,TRBJ01,CD8,HLA-A02:01
UNK,CSVEGLRGGNEQFF,,,TRBV29-01,,,HLA-A02:01
UNK,CASSSHVINQF,,,TRBV11-02,TRBJ02,,HLA-A02:01
UNK,CASSFWRTETQYF,,,TRBV07-02,TRBJ02,CD8,HLA-A02:01
CAFGRGAQKLVF,CATRIGWGTDTQYF,TRAV38-02,,TRBV05-01,TRBJ02,CD8,HLA-C07:02
UNK,CASSWGLAGEEQFF,,,TRBV28-01,TRBJ02,CD8,HLA-A24:02
UNK,CAWSQGASGNQPQHF,,,TRBV30-01,TRBJ01,CD8,HLA-B07:01
UNK,CASSPTGRSYEQYF,,,TRBV07-09,TRBJ02,CD8,HLA-B07:01
UNK,CASSLEGEQYF,,,TRBV07-09,,,HLA-A01:01
UNK,CASSPRTSGSDTQYF,,,TRBV04-02,TRBJ02,CD8,HLA-A02:01
CAVEGGKLIF,CSVEGRGTDTQYF,TRAV12-02,TRAJ23,TRBV29-01,TRBJ02,CD8,HLA-B07:01
CAVSGYSTLTF,CASSAQGAYGYTF,TRAV12-02,TRAJ11,TRBV06-05,TRBJ01,CD8,HLA-A02:01
UNK,CASSDGTQYF,,,TRBV25-01,TRBJ02,CD8,HLA-B15:01
CAVKEGGSYIPTF,CASSQGQGSLQYF,TRAV12-02,,TRBV04-03,,,HLA-B07:01
UNK,CASSTLDRTSGFDTQYF,,,TRBV07-08,TRBJ02,CD8,HLA-A01:01
CAYRSPKETSGSRLTF,CASSQGAYGYTF,TRAV38-02,TRAJ58,TRBV19-01,TRBJ01,CD8,HLA-A02:01
UNK,CASSQRGADTEAF,,,TRBV14-01,TRBJ02,CD8,HLA-A02:01
UNK,CASSARTSGGADTHYF,,,TRBV02-01,TRBJ02,"CD4,CD8",HLA-B07:01
UNK,CASSPSPGDNEQF,,,TRBV07-02,TRBJ02,,HLA-B07:01
UNK,CSARLKGGGDTQYF,,,TRBV20-01,,,HLA-A02:01
UNK,CSARDQTGNGYTF,,,,TRBJ01,,HLA-A02:01
UNK,CASSFGKIAGDEQYF,,,TRBV06-01,TRBJ02,CD8,HLA-DQ01:01
CAQGDGGSQGNLIF,CASSGRSTDTQYF,TRAV02-01,TRAJ04,TRBV01-01,TRBJ02,CD8,HLA-A02:01
CAEDNNARLMF,CSARDSTGNGYTF,TRAV05-01,TRAJ03,TRBV02-01,TRBJ01,CD8,HLA-A02:01
CAGAVGSSNTGKLIF,CASSIRSSYEQYF,TRAV02-01,TRAJ03,TRBV19-01,TRBJ02,CD8,HLA-A02:01
UNK,CASSSTRGTEAF,,,TRBV07-02,TRBJ01,CD8,HLA-A02:01
UNK,CATTLGLAGDEQYF,,,TRBV05-04,TRBJ02,CD8,HLA-C07:02
UNK,YSSEDGRLLVDNEKLFF,,,TRBV17-01,TRBJ01,CD4,HLA-DR01:04
UNK,CASSDGGIYGYTF,,,TRBV02-01,,"CD4,CD8",HLA-DR05:01
UNK,CSARDGSGNGYTF,,,TRBV20-01,TRBJ01,CD8,HLA-A02:01
UNK,CASRDRAPSYEQYF,,,TRBV07-02,TRBJ02,CD8,HLA-B57:03
UNK,CASSYDRGDYEQYF,,,TRBV07-09,TRBJ02,CD8,HLA-B07:01
UNK,CACRDSLNYGYTF,,,TRBV07-09,TRBJ01,CD8,HLA-A11:01
UNK,CASSQMEGVLYGYTF,,,TRBV04-01,TRBJ01,CD8,HLA-B07:01
UNK,CASSPSGTSPKNEQF,,,TRBV04-01,TRBJ02,CD8,HLA-B35:01
UNK,CASSGSNLEAF,,,TRBV27-01,TRBJ01,CD8,HLA-B27:05
UNK,CASSRSAQSRANVLTF,,,TRBV06-01,TRBJ02,CD4,HLA-DR01:04
CAEYSSASKIIF,CASSQSPGGTQYF,TRAV15-01,TRAJ03,TRBV14-01,TRBJ02,CD8,HLA-A02:01
UNK,CATSDADRTSTDTQYF,,,,,CD4,HLA-DQ01:06
CADHTGGFKTIF,CASSPGTGGYTEAFF,TRAV13-02,TRAJ09,TRBV05-06,TRBJ01,CD8,HLA-A01:01
CAGPTKTSYDKVIF,CASSSANYGYTF,TRAV35-01,,TRBV12-03,,,HLA-A02:01
UNK,CASSLGAYEQYF,,,TRBV07-08,TRBJ02,CD8,HLA-A02:01
UNK,CASSPRSTDTQYF,,,TRBV19-01,TRBJ02,CD8,HLA-B07:01
UNK,CASSLNLLQQRKNIQYF,,,TRBV21-01,TRBJ02,CD4,HLA-A02:01
UNK,CASSLTSAAGELF,,,TRBV28-01,TRBJ02,CD8,HLA-A02:01
UNK,CASSYGPVETEAF,,,TRBV06-06,TRBJ01,CD8,HLA-A02:01
UNK,CASSQQGVWGTGELFF,,,TRBV28-01,,,HLA-B57:01
UNK,CASSLVQGNTEAFF,,,TRBV07-08,TRBJ01,CD8,HLA-A02:01
UNK,CASSLMDTDTQYF,,,TRBV27-01,TRBJ01,CD8,HLA-DR01:04
UNK,CASSLAGGTAHTEAF,,,TRBV07-06,TRBJ01,CD8,HLA-B07:01
UNK,CASSPSYEQYF,,,,,CD8,HLA-C07:02
UNK,CASSPRTGELF,,,TRBV27-01,TRBJ02,CD8,HLA-A02:01
CAVVASNTGKLIF,CASSPRDGQETQYF,TRAV01-01,TRAJ03,TRBV04-01,TRBJ02,CD8,HLA-A02:01
UNK,CASSIPFPGYKSRANVLTF,,,TRBV27-01,TRBJ02,CD4,HLA-DQ01:06
UNK,CASSRDSNEQF,,,TRBV07-09,TRBJ02,CD8,HLA-A01:01
UNK,CASSYLSGTDTQYF,,,,,CD4,HLA-DR01:04
UNK,CAWSLSMNTEAFF,,,TRBV30-01,TRBJ01,CD8,HLA-A02:01
UNK,CASSSSWEDPNEQFF,,,TRBV07-03,TRBJ02,CD8,HLA-B07:01
UNK,CASSLINTEAFF,,,TRBV07-09,TRBJ01,CD8,HLA-A02:01
UNK,CASRENTGELFF,,,TRBV06-05,TRBJ02,CD8,HLA-A02:01
UNK,CASSEWDSEPQHF,,,TRBV25-01,TRBJ01,CD8,HLA-A02:01
UNK,CSATPSGPNTGELFF,,,TRBV20-01,TRBJ02,CD8,HLA-B07:01
UNK,CASSQDWSSFGSYNEQFF,,,TRBV04-03,TRBJ02,CD8,HLA-A02:01
UNK,CASSLSTTGSGDRGATEAF,,,TRBV29-01,TRBJ01,CD8,HLA-A02:01
UNK,CASVDRGRIEQYF,,,TRBV07-08,TRBJ02,CD8,HLA-B27:05
CAEYSSASKIIF,CASSQSPGGTQYF,TRAV05-01,TRAJ03,TRBV01-01,TRBJ02,CD8,HLA-A02:01
UNK,CSASSDESSYNEQFF,,,TRBV20-01,TRBJ02,CD8,HLA-B07:01
UNK,CSVERQDVHTEAFF,,,TRBV29-01,TRBJ01,CD8,HLA-B07:02
UNK,CASSQRSSTEAFF,,,TRBV19-01,TRBJ01,CD8,HLA-B07:02
UNK,CASSLSGNEQYF,,,TRBV07-09,TRBJ02,CD8,HLA-DR01:04
UNK,CASSLGGLTDTQYF,,,TRBV13-01,,,HLA-B08:01
UNK,CASSTRGREQYF,,,TRBV23-01,TRBJ02,CD8,HLA-A24:02
UNK,CASSQGQVGDGYTF,,,TRBV04-01,TRBJ01,CD8,HLA-A01:01
UNK,CASSLQELSQDGYTF,,,TRBV04-01,TRBJ01,CD8,HLA-A02:01
UNK,CASSEAVTGLGETQYF,,,TRBV06-01,TRBJ02,CD8,HLA-B27:05
UNK,CASSSPVGGEQF,,,TRBV07-02,TRBJ02,CD4,HLA-DQ02:01
UNK,CASSLVSITGTDYGYTF,,,TRBV05-06,TRBJ01,CD4,HLA-B08:01
UNK,CASSPRQGLEGANVLTF,,,TRBV07-09,TRBJ02,CD8,HLA-B42:01
UNK,CASSQDIGDNQPQHF,,,TRBV04-03,TRBJ01,CD8,HLA-B07:01
UNK,CASSLGYRDHSRGTDTQYF,,,TRBV07-02,TRBJ02,CD8,HLA-DQ02:01
UNK,CSVGKSTSVPLNEQFF,,,TRBV29-01,TRBJ02,CD8,HLA-A02:01
UNK,CASSPGQGSTDTQYF,,,TRBV07-09,TRBJ02,CD8,HLA-B07:01
UNK,CSANTRLTSYEQYF,,,TRBV20-01,TRBJ02,CD8,HLA-A02:01
UNK,CSAPTLERNDIQYF,,,TRBV20-01,TRBJ02,CD8,HLA-C07:02
UNK,CSARGQAITEKLSF,,,TRBV20-01,TRBJ01,CD8,HLA-B07:01
UNK,CASSLEGDMDSEQYF,,,TRBV27-01,TRBJ02,CD8,HLA-A02:01
UNK,CASSFSSSYNEQFF,,,TRBV07-09,TRBJ02,CD8,HLA-A02:01
UNK,CASSGPGGEQYF,,,TRBV28-01,TRBJ02,CD8,HLA-B57:01
UNK,CASTTGLGTDTQYF,,,TRBV06-01,TRBJ02,CD8,HLA-A02:01
UNK,CASSQGVLTEAFF,,,TRBV12-03,TRBJ01,CD8,HLA-A02:01
UNK,CASSLEGQGDQPQHF,,,TRBV07-02,TRBJ01,CD8,HLA-A01:01
UNK,CASSPGWNTEAFF,,,TRBV07-08,TRBJ01,CD8,HLA-C07:02
CAAPGAGSYQLTF,CASTLWSATNEKLFF,TRAV36-07,TRAJ02,TRBV02-01,TRBJ01,CD8,HLA-B42:01
UNK,CSPPKDLPYKRNF,,,TRBV01-01,TRBJ02,CD8,HLA-A02:01
CGAGNMLTF,CASTKTGLGDQPQHF,TRAV17-01,,TRBV28-01,,,HLA-A02:01
UNK,CASGLVPEGLVYEQYF,,,TRBV01-01,TRBJ02,CD8,HLA-A02:01
UNK,CASSLGQAYEQYF,,,TRBV07-08,TRBJ02,,HLA-B08:01
UNK,CASSESASRADTQYF,,,TRBV06-04,TRBJ02,CD8,HLA-DR01:04
UNK,CASSLGPAIPGNTIYF,,,TRBV07-09,TRBJ01,CD8,HLA-B07:01
UNK,CASTGGDTSYNEQFF,,,TRBV19-01,TRBJ02,CD8,HLA-B07:01
UNK,CASSPTPGVYAKNIQYF,,,TRBV07-02,TRBJ02,CD8,HLA-B07:02
UNK,CASSHLQGGQYNEQFF,,,TRBV04-03,TRBJ02,CD8,HLA-A01:01
UNK,CASSQELAGAYNEQFF,,,TRBV04-03,TRBJ02,CD8,HLA-B08:01
CAVNSNSGYALNF,CASSQSETGDGYTF,TRAV12-02,,TRBV04-01,,,HLA-B07:01
UNK,CATSYGTGEEEAFF,,,TRBV15-01,TRBJ01,CD8,HLA-A02:01
UNK,CASSSDSYEQYF,,,,,CD8,HLA-A02:01
UNK,CASSQEWAETYEQYF,,,TRBV04-03,TRBJ02,CD8,HLA-A02:01
UNK,CASSPGGSPGNTIYF,,,TRBV11-02,TRBJ01,CD8,HLA-A11:01
UNK,CASSLRQGINTGELF,,,TRBV27-01,TRBJ02,CD8,HLA-A02:01
UNK,CASSQEDRSTDTQYF,,,TRBV04-03,TRBJ02,CD8,HLA-A02:01
UNK,CASSFRRDTDTQYF,,,TRBV28-01,,,HLA-A02:01
UNK,CATSRVRGFTEAFF,,,TRBV15-01,TRBJ01,CD8,HLA-C07:02
UNK,CASSLSRYEQF,,,TRBV07-02,TRBJ02,CD4,HLA-A02:01
UNK,CASSPVGGSYNEQFF,,,TRBV07-06,TRBJ02,CD8,HLA-A01:01
UNK,CAGRPRLAGGNNQEF,,,TRBV28-01,TRBJ02,,HLA-B08:01
UNK,CASSLETSGGQETQYF,,,TRBV28-01,TRBJ02,CD8,HLA-B07:01
CAGLGDSGGSNYKLTF,CASSQDRWDVMSKNIQYF,TRAV25-01,TRAJ53,TRBV03-01,TRBJ02,CD8,HLA-A02:01
UNK,CASSSRSAIEQFF,,,TRBV19-01,TRBJ02,CD8,HLA-B07:01
UNK,CAWASNPDEQFF,,,TRBV07-06,TRBJ02,CD8,HLA-B07:01
UNK,CSAVETGNEQFF,,,TRBV20-01,TRBJ02,CD8,HLA-C07:02
UNK,CASSLSGLGDNEQFF,,,TRBV07-03,TRBJ02,CD8,HLA-A01:01
UNK,CASSSKRGPYNEQFF,,,TRBV07-08,TRBJ02,CD8,HLA-A02:01
UNK,CASSAIGGAYEQYF,,,TRBV07-08,TRBJ02,CD8,HLA-A02:01
UNK,CASSQERAGTSYEQYF,,,TRBV04-03,TRBJ02,CD8,HLA-B07:01
UNK,CAGRGTMNTEAFF,,,TRBV07-09,TRBJ01,CD8,HLA-B07:01
UNK,CASSQDPNTDATNEKLFF,,,TRBV04-03,TRBJ01,CD8,HLA-A01:01
UNK,CASSNDNQPQHF,,,TRBV12-03,TRBJ01,CD8,HLA-A02:01
UNK,CASSPLAFYFNEQF,,,TRBV19-01,TRBJ02,CD8,HLA-B07:01
UNK,CASSGGSSDTQYF,,,TRBV27-01,TRBJ02,CD8,HLA-A02:01
UNK,CASSLFGDNEKLFF,,,TRBV07-08,TRBJ01,CD8,HLA-A02:01
CAGAGGGSQGNLIF,CASSKRSTGELFF,TRAV02-01,TRAJ04,TRBV01-01,TRBJ02,CD8,HLA-A02:01
UNK,CASSLEGTGSYYGYTF,,,TRBV07-08,TRBJ01,CD8,HLA-C07:02
CVVSEGVTEDMRF,CASSGLAGARNEQYF,TRAV08-02,TRAJ43,TRBV06-06,TRBJ02,CD8,HLA-A02:01
CAVRSSGSQGNLIF,CASSYLYRIGQLEAFF,TRAV41-01,,TRBV06-05,,CD8,HLA-DR15:01
CAVNADGQKLLF,CASSHGQGAYEQYF,TRAV12-02,TRAJ16,TRBV07-02,TRBJ02,CD8,HLA-B07:01
UNK,CATSDWAGEMETQYF,,,TRBV24-01,TRBJ02,,HLA-A01:01
CAFGRGAQKLVF,CATRIGWGTDTQYF,TRAV38-02,,TRBV05-05,TRBJ02,CD8,HLA-DQ01:06
UNK,CAISERHLTDTQYF,,,TRBV10-03,TRBJ02,CD8,HLA-B08:01
UNK,CAAGGQFYGYTF,,,TRBV07-09,TRBJ01,CD8,HLA-A02:01
UNK,CASSDQGALSSYEQYF,,,TRBV18-01,,,HLA-DQ01:06
CLVGDPGNTGKLIF,CATSFSRMANEKLFF,TRAV04-01,,TRBV15-01,,,HLA-A02:01
UNK,CASSLETGTEAFF,,,,,CD4,HLA-A02:01
UNK,CASSQDGTFEGNSPLHF,,,TRBV04-03,TRBJ01,CD8,HLA-A02:01
UNK,CASSLGGSPGELFF,,,TRBV27-01,TRBJ02,CD8,HLA-DR01:01
UNK,CASSRPGQPMAGELFF,,,,,CD4,HLA-A02:01
UNK,CASSESSMNTEAFF,,,TRBV07-08,TRBJ01,CD8,HLA-A02:01
UNK,CSARSYSGSSYNEQFF,,,TRBV20-01,TRBJ02,CD8,HLA-B07:01
UNK,CASSPSGANVLTF,,,TRBV29-01,TRBJ02,CD8,HLA-DQ01:06
UNK,CASSLGVGGYEQYF,,,TRBV07-08,TRBJ02,CD8,HLA-B07:01
UNK,CASSWPGGGARDTQHF,,,TRBV07-09,TRBJ02,CD8,HLA-A01:01
UNK,CSARDRTGNGYTF,,,TRBV02-01,TRBJ01,CD8,HLA-B57:03
UNK,CASSESEQGYTGELF,,,TRBV06-01,TRBJ02,CD8,HLA-A01:01
UNK,CASSVEASGDEQFF,,,TRBV09-01,TRBJ02,CD8,HLA-A02:01
UNK,CASSQGTSGVGEQFF,,,TRBV02-01,TRBJ01,"CD4,CD8",HLA-A02:01
CAVSNNDMRF,CASSLAKMDLPLAKNIQYF,TRAV12-02,,TRBV07-02,,,HLA-A02:01
UNK,CASTLNWGYALEAFF,,,TRBV07-08,TRBJ01,CD8,HLA-B07:01
CALKTYSNYQLIW,CASSLASQVETQYF,TRAV19-01,,TRBV07-09,,,HLA-A02:01
UNK,CSVGAGDYEQYF,,,TRBV29-01,TRBJ02,,HLA-B08:01
UNK,CASSQLAGVVTQYF,,,TRBV04-01,TRBJ02,CD8,HLA-A02:01
UNK,CASSTPKGGVSYEQYF,,,TRBV07-06,TRBJ02,CD8,HLA-B07:02
UNK,CASSIVGVPQSRANVLTF,,,TRBV07-07,TRBJ02,CD4,HLA-DR01:04
UNK,CASSYYLAGVDNEQFF,,,TRBV07-03,TRBJ02,CD8,HLA-B42:01
UNK,CASSFQGYTEAF,,,TRBV28-01,TRBJ01,CD8,HLA-A02:01
UNK,CASSQDPTAGVGYTF,,,TRBV07-09,TRBJ01,CD8,HLA-B07:01
UNK,CASSGLNSPLHF,,,TRBV27-01,TRBJ01,,HLA-B42:01
UNK,CASSYEFPNTEAFF,,,TRBV06-02,TRBJ01,CD8,HLA-A02:01
CAASLRYFGNEKLTF,CASSPDPYEQYF,TRAV29-05,,TRBV12-03,,,HLA-A02:01
UNK,CASSAPDYSAYNEQFF,,,TRBV06-05,TRBJ02,CD8,HLA-A02:01
UNK,CASSLVDSSRQETQYF,,,TRBV28-01,TRBJ02,CD8,HLA-C07:02
UNK,CASSWTGSNYGYTF,,,TRBV05-01,TRBJ01,CD8,HLA-A11:01
UNK,CASSLGAVNNEQFF,,,TRBV07-09,TRBJ02,CD8,HLA-B07:01
UNK,CASSQTEEQYF,,,TRBV04-02,TRBJ02,CD8,HLA-A02:01
UNK,CASSLIRQMNTEAFF,,,TRBV06-02,TRBJ01,CD8,HLA-C07:02
UNK,CASSRPGLAGGPYEQYF,,,TRBV07-07,TRBJ02,CD8,HLA-B07:01
UNK,CSALGGDGETQYF,,,TRBV29-01,TRBJ02,CD8,HLA-A02:01
UNK,CASSHPSEQYF,,,TRBV06-06,TRBJ02,CD8,HLA-A24:02
UNK,CASSIRSFYEQYF,,,TRBV19-01,TRBJ02,CD8,HLA-A02:01
UNK,CAWRLWGDDNTEAFF,,,TRBV30-01,TRBJ01,CD8,HLA-C07:02
UNK,CASSYGPEAHNEQFF,,,TRBV07-09,TRBJ01,CD8,HLA-A02:01
UNK,CASTPDRVAKNIQYF,,,TRBV07-09,TRBJ02,CD8,HLA-A24:02
UNK,CASSLWGTYNEQFF,,,TRBV05-01,,,HLA-B08:01
UNK,CASSYGGGNTGELF,,,TRBV06-05,TRBJ02,CD8,HLA-A02:01
UNK,CASSFDTQYF,,,TRBV07-09,TRBJ02,CD8,HLA-B07:01
UNK,CASSLEAAPHYGYTF,,,TRBV07-06,TRBJ01,CD8,HLA-A02:01
UNK,CTSRYNCRANVLTF,,,TRBV01-01,TRBJ02,CD4,HLA-DR01:04
UNK,CASSHHGQGNYGYTF,,,TRBV04-03,TRBJ01,CD8,HLA-B07:01
UNK,CASSHGDRGLTEAFF,,,TRBV04-01,TRBJ01,CD8,HLA-B08:01
UNK,CASSSVNEQFF,,,TRBV12-03,TRBJ02,CD8,HLA-B07:01
UNK,CASSTRGSQPQHF,,,TRBV03-01,TRBJ01,CD4,HLA-B07:01
CAATPTNAGKSTF,CASSIVGQGYEQYF,TRAV13-01,,TRBV19-01,,,HLA-B57:03
UNK,CATSRDSQRNNEQFF,,,TRBV15-01,TRBJ02,CD8,HLA-B07:02
UNK,CSVEGEGGSYNEQFF,,,TRBV09-01,TRBJ02,CD8,HLA-A11:01
UNK,CSGMRLLFSSYEQYF,,,TRBV29-01,TRBJ02,CD8,HLA-B07:01
UNK,CASSLTNPYEQYF,,,TRBV07-08,TRBJ02,CD8,HLA-A02:01
CAYSPGAGGTSYGKLTF,CASSIGLYGYTF,TRAV38-02,TRAJ05,TRBV19-01,TRBJ01,CD8,HLA-A02:01
UNK,CASSASGANYGYTF,,,TRBV07-02,TRBJ01,CD8,HLA-DQ01:06
UNK,CASSFTGNTEAFF,,,TRBV07-06,TRBJ01,CD8,HLA-B07:01
UNK,CATSETGDPYGYTF,,,TRBV12-05,TRBJ01,CD8,HLA-B07:01
CAMREPSQGGSEKLVF,CASSNQETQYF,TRAV14-04,,TRBV27-01,,,HLA-A02:01
UNK,CASSYHLAGIYNEQFF,,,TRBV07-02,TRBJ02,CD8,HLA-C07:02
UNK,CASSGSSGGYYNEQEF,,,TRBV02-01,TRBJ02,,HLA-DQ02:01
UNK,CASSSLVNTGELF,,,TRBV06-05,TRBJ02,CD8,HLA-B57:01
UNK,CASSLNGGSSYNEQFF,,,TRBV07-08,TRBJ02,CD8,HLA-A01:01
UNK,CASSSWQVSTGELFF,,,TRBV27-01,TRBJ02,CD4,HLA-B07:01
UNK,CAGRASTGSGNTIYF,,,TRBV05-05,TRBJ02,CD8,HLA-B08:01
CAVEPVGGNTPLVF,CASTPGQALNEQYF,TRAV01-01,TRAJ29,TRBV12-03,TRBJ02,CD8,HLA-B07:01
CGGGGSQGNLIF,CASSIRSAYEQYF,TRAV27-01,TRAJ42,TRBV19-01,TRBJ02,CD8,HLA-A02:01
CAIFSSNTGKLIF,CASSFGVGQPQHF,TRAV12-02,,TRBV27-01,,,HLA-C07:02
UNK,CASSVRGRGTQTDTQYF,,,TRBV09-01,TRBJ02,CD8,HLA-A02:01
UNK,CASSVGPQETQYF,,,TRBV10-02,TRBJ02,CD8,HLA-C07:02
CAAENNNDMRF,CASSLGTSYEQYF,TRAV13-01,TRAJ04,TRBV07-01,TRBJ02,CD8,HLA-A02:01
UNK,CASSLAGGQETQYF,,,TRBV05-06,TRBJ02,CD8,HLA-B57:03
UNK,CSVKGQGDTELF,,,TRBV29-01,TRBJ02,CD8,HLA-A02:01
UNK,CASSIRSSVEQFF,,,TRBV19-01,TRBJ02,CD8,HLA-B07:01
CAVPPDSWGKLQF,CASSQDLAGEGTDTQYF,TRAV03-01,TRAJ24,TRBV01-01,TRBJ02,CD8,HLA-C07:02
UNK,CASRRQIAGQPQHF,,,TRBV28-01,TRBJ01,CD8,HLA-A02:01
UNK,CASSFGSGAPGELFF,,,TRBV20-01,TRBJ02,CD8,HLA-B07:01
UNK,CASAILGIRIAGF,,,TRBV04-03,TRBJ02,CD8,HLA-DQ05:01
UNK,CASSLGTGEVVGELFF,,,TRBV07-09,TRBJ02,CD8,HLA-B57:03
UNK,CSVQGGSTEAF,,,TRBV29-01,TRBJ01,CD8,HLA-B07:01
UNK,CASSSRDGQEQY,,,TRBV07-09,TRBJ02,CD8,HLA-B42:01
UNK,CASSGLNSPLHF,,,TRBV27-01,TRBJ01,,HLA-B08:01
CAGIRDNYGQNFVF,CASSQGLNPGQGLDTEAFF,TRAV41-01,,TRBV03-01,,,HLA-A02:01
UNK,CASRPQGLGQPQHF,,,TRBV06-01,TRBJ01,CD8,HLA-A02:01
UNK,CASSLQSVDANGYTF,,,TRBV07-08,TRBJ01,CD8,HLA-DR01:04
UNK,CASRPGTGVGNEQFF,,,TRBV14-01,TRBJ02,CD8,HLA-B07:01
UNK,CASSALAGSSYNEQFF,,,TRBV11-02,TRBJ02,CD8,HLA-A01:01
UNK,CASSFSPSSYNEQFF,TRAV19-01,,TRBV07-02,,CD8,HLA-A02:01
UNK,CASSFGGLSYEQYF,,,TRBV07-02,TRBJ02,CD8,HLA-A02:01
UNK,CASYATGTAYGYTF,,,TRBV06-01,TRBJ01,CD8,HLA-DR01:04
UNK,CASSYTGLATNEQF,,,TRBV28-01,TRBJ02,CD8,HLA-DR01:04
UNK,CASSSHETGGISSPLHF,,,TRBV07-09,TRBJ01,CD8,HLA-B07:02
UNK,CSVVIRGSEAFF,,,TRBV29-01,TRBJ01,CD8,HLA-A02:01
UNK,CATSRAVDNSYEQYF,,,TRBV15-01,TRBJ02,CD8,HLA-A02:01
UNK,CASSQDRTSGNTIYF,,,TRBV03-01,TRBJ01,CD8,HLA-B42:01
CAMGDARLMF,CATSGTGGTGELFF,TRAV12-03,,TRBV15-01,,,HLA-A02:01
UNK,CSVEDFYNEQFL,,,TRBV29-01,TRBJ02,CD8,HLA-B07:02
UNK,CASSQDWATVYEQYF,,,TRBV04-01,TRBJ02,CD8,HLA-A02:01
UNK,CASRGTVLGGNTIYF,,,TRBV02-01,TRBJ02,"CD4,CD8",HLA-A02:01
UNK,CATSPTNEYQETQYF,,,TRBV15-01,TRBJ02,CD8,HLA-B07:01
UNK,CASSLVTMRPDTQYF,,,TRBV07-02,TRBJ02,CD8,HLA-B07:02
UNK,CASSFVGGEQFF,,,TRBV06-01,TRBJ02,CD8,HLA-C07:02
UNK,CASSDRATQPQHF,,,TRBV01-01,TRBJ01,CD8,HLA-A02:01
UNK,CASRLGLGYEQYF,,,TRBV09-01,TRBJ02,CD8,HLA-B07:01
UNK,CASSEVGATNYGYTF,,,TRBV06-01,TRBJ01,CD8,HLA-A02:01
UNK,CASSSGQMYEQYF,,,TRBV07-07,TRBJ02,CD8,HLA-B07:02
UNK,CASRMNILHVLDEQYF,,,TRBV21-01,TRBJ02,CD4,HLA-A02:01
CATDAIPSDMRF,CASSFRSTDTQYF,TRAV01-01,TRAJ04,TRBV19-01,TRBJ02,CD8,HLA-A02:01
UNK,CASSVGGLNTGELF,,,TRBV09-01,TRBJ02,CD8,HLA-B07:02
UNK,CASSLEGRKGYNEQFF,,,TRBV07-09,TRBJ02,CD8,HLA-B35:01
UNK,CASSLSTSGSSYNEQF,,,TRBV28-01,TRBJ02,CD8,HLA-B07:01
UNK,CASSLEVGGANVLTF,,,TRBV07-08,TRBJ02,CD8,HLA-B07:01
UNK,CASSLTTSGTGEQYF,,,TRBV02-01,TRBJ02,"CD4,CD8",HLA-DR11:01
UNK,CAWRDRVGHQPQHF,,,TRBV30-01,TRBJ01,CD8,HLA-B07:01
UNK,CASSQGGSGEDTEAFF,,,TRBV04-01,TRBJ01,CD8,HLA-A02:01
UNK,CASRLHVATPSDNEQFF,,,TRBV21-01,TRBJ02,CD4,HLA-DR01:04
UNK,CASSLARPNSYEQYF,,,TRBV07-08,TRBJ02,CD8,HLA-B07:02
UNK,CSVETGDEKLF,,,TRBV27-01,TRBJ01,CD8,HLA-B57:03
UNK,CASSPSGRLNEQYF,,,TRBV07-06,TRBJ02,CD8,HLA-B07:01
UNK,CSVEGTANTEAFF,,,TRBV29-01,TRBJ01,CD8,HLA-B07:01
UNK,CASSPGTISYEQYF,,,TRBV25-01,,,HLA-A02:01
UNK,CASSYPRNGYTF,,,TRBV06-02,TRBJ01,CD8,HLA-C07:02
UNK,CASTPGGGEYSPLHF,,,TRBV04-01,TRBJ01,CD8,HLA-A02:01
UNK,CASSLMGASGANVLTF,,,TRBV05-01,TRBJ02,CD8,HLA-B42:01
CAVTIGATQGGSEQLVF,CASSLIENTEAFF,,,,TRBJ01,CD4,HLA-A02:01
UNK,CASSSGQAYEQF,,,TRBV07-08,TRBJ02,,HLA-DR01:04
UNK,CASSLDRGELFF,,,TRBV12-05,TRBJ02,CD8,HLA-B07:01
UNK,CASSLAVIRTDTQYF,,,TRBV07-09,TRBJ02,CD4,HLA-DR01:04
UNK,CSYAAGVNEQYF,,,TRBV29-01,TRBJ02,CD8,HLA-C07:02
UNK,CSVEDFYNEQFL,,,TRBV29-01,TRBJ02,CD8,HLA-A02:01
UNK,CASSQLTGGSTNEKLFF,,,TRBV04-02,TRBJ01,CD8,HLA-DQ02:01
UNK,CSARPWDRALATNEKLFF,,,TRBV20-01,TRBJ01,CD8,HLA-B07:01
UNK,CASSSDRQETQYF,,,TRBV07-07,TRBJ02,CD8,HLA-A24:02
UNK,CASSQDSLGGSYNEQFF,,,TRBV14-01,TRBJ02,CD8,HLA-A02:01
UNK,CAVTGDNRNTIYF,,,TRBV03-01,TRBJ01,CD8,HLA-C07:02
UNK,CASSRMTGGGTDTQYF,,,TRBV02-01,TRBJ02,"CD4,CD8",HLA-A01:01
UNK,CASSQGVPYQPQHF,,,TRBV04-03,TRBJ01,CD8,HLA-B07:01
CAVQAADSSASKIIF,CASSFWAGGWTEAFF,TRAV20-01,,TRBV07-01,,,HLA-A02:01
UNK,CASRVFLAKQRKNIQYF,,,TRBV21-01,TRBJ02,CD4,HLA-A02:01
UNK,CASSSHDSRGSGSPLHF,,,TRBV07-09,TRBJ01,CD8,HLA-B07:02
UNK,CASSHSSGGMSTEAFF,,,TRBV07-08,TRBJ01,CD8,HLA-A02:01
UNK,CASSLGTGGNQPQHF,,,TRBV07-08,TRBJ01,CD8,HLA-DQ01:06
UNK,CSVEVQGYEQYF,,,TRBV29-01,TRBJ02,CD8,HLA-B07:01
UNK,CASSQLAGGPWNEQFF,,,TRBV04-01,TRBJ02,CD8,HLA-DR01:01
UNK,CASSVAGGDEQF,,,TRBV09-01,TRBJ02,,HLA-A02:01
CASIGSGGGADGLTF,CASRLWFWALEAF,TRAV08-01,,TRBV06-01,TRBJ01,CD8,HLA-A02:01
UNK,CASSLWAGVSDTQYF,,,TRBV07-02,TRBJ02,CD8,HLA-B42:01
UNK,CASSQESGTATEAFF,,,TRBV04-02,TRBJ01,CD8,HLA-A02:01
UNK,CASSLRTSGSVEYF,,,TRBV07-09,TRBJ02,CD8,HLA-A02:01
UNK,CASCSTSFNEQFF,,,TRBV06-02,TRBJ02,CD8,HLA-A02:01
UNK,CASSLSDRGGDEQF,,,TRBV12-03,TRBJ02,CD8,HLA-B07:01
UNK,CASSPPSAGYNEQFF,,,TRBV06-02,TRBJ02,CD8,HLA-A02:01
UNK,CSVVAPNHRTDTQYF,,,TRBV29-01,TRBJ02,CD8,HLA-B07:01
CLAFSGGYNKLIF,CASSLGPAYNEQFF,TRAV04-01,,TRBV27-01,,,HLA-A02:01
UNK,CASISPKSQSRANVLTF,,,TRBV05-06,TRBJ02,CD4,HLA-A02:01
UNK,CASSSVPNNEAFF,,,TRBV17-01,TRBJ01,CD8,HLA-A02:01
UNK,CASRPPDTGELF,,,TRBV07-03,TRBJ02,CD8,HLA-B42:01
CAYLNTGNQFYF,CASSQERLSFGTKNIQYF,,,,,CD8,HLA-A02:01
UNK,CASRPQGSYEQYF,,,TRBV13-01,TRBJ02,CD8,HLA-B07:01
UNK,CASSSDRAGSPLHF,,,TRBV12-03,,,HLA-A02:01
CAYRSALWGAQKLVF,CASSLAENSGNTIYF,TRAV38-02,,TRBV07-01,,,HLA-A02:01
CAMSGGYQKVT,CASSGQNYGYTF,TRAV05-01,TRAJ13,TRBV19-01,TRBJ01,CD8,HLA-B57:01
CAVNPGSQGNLIF,CASSQWGGNEQFF,TRAV12-02,,TRBV03-01,,,HLA-A02:01
UNK,CASSVAASMHKSRANVLTF,,,TRBV06-01,TRBJ02,CD4,HLA-DQ02:01
UNK,CASSRTSGGFYNEQEF,,,TRBV02-01,TRBJ02,,HLA-A02:01
UNK,CSVKGGFPYNEQF,,,TRBV27-01,TRBJ02,CD8,HLA-B08:01
UNK,CASSLLTSGGRETQYF,,,TRBV02-01,TRBJ02,"CD4,CD8",HLA-A02:01
UNK,CASSPRTGPLKNIQYF,,,TRBV07-08,TRBJ02,CD8,HLA-A02:01
UNK,CASSYLTSGIYGEQFF,,,TRBV28-01,TRBJ02,CD8,HLA-A02:01
UNK,CSVEDSYYEQYF,,,TRBV12-03,TRBJ01,CD8,HLA-A02:01
UNK,CASSLSYEQYF,,,TRBV12-05,TRBJ02,CD8,HLA-B07:01
UNK,CASSLLGGSLYEQYF,,,TRBV28-01,TRBJ02,CD8,HLA-A02:01
CAMRGGLYNFNKFYF,CASSPQGQGESGANVLTF,TRAV14-04,,TRBV04-01,,,HLA-A02:01
UNK,CASSVRSTGALF,,,TRBV19-01,TRBJ02,CD8,HLA-DR01:04
UNK,CASSSRTGGEQYF,,,TRBV07-09,TRBJ02,CD8,HLA-A02:01
CAVGDDKIIF,CSAPTSGGHNEQFF,TRAV12-02,TRAJ30,TRBV20-01,TRBJ02,CD8,HLA-C07:02
UNK,CAGRGPMNTEAFF,,,TRBV07-09,TRBJ01,CD8,HLA-B07:01
UNK,CSARDRTGNGYTF,,,TRBV20-01,TRBJ01,CD8,HLA-B14:01
UNK,CASSLNFRLADSNEQFF,,,TRBV07-02,TRBJ02,CD8,HLA-B07:01
UNK,CAWRDPKALYEQYF,,,TRBV30-01,TRBJ02,CD8,HLA-A01:01
UNK,CACSIRSAYEQYF,,,TRBV19-01,TRBJ02,CD8,HLA-DR01:04
UNK,CASSPQLGVPFF,,,TRBV07-02,TRBJ02,CD4,HLA-A01:01
CAEITSNTGKLIF,CSAQGVGGQTYNEQF,TRAV15-01,TRAJ37,TRBV20-01,TRBJ02,CD8,HLA-B07:01
UNK,CASSADGIGEQYF,,,TRBV07-02,TRBJ02,CD8,HLA-C07:02
UNK,CASSLGGSGYEQYF,,,TRBV07-09,TRBJ02,CD8,HLA-A01:01
UNK,CASSQAGSNYGYTF,,,TRBV04-01,TRBJ01,CD8,HLA-C07:02
UNK,CAWSGDGGTEAFF,,,TRBV30-01,TRBJ01,CD8,HLA-C07:02
UNK,CASSRLYNEQFF,,,TRBV07-08,TRBJ02,CD8,HLA-B07:01
UNK,CSVEGRGYEQYF,,,TRBV29-01,TRBJ02,CD8,HLA-B08:01
UNK,CASSLRYREETQYF,,,TRBV07-07,TRBJ02,CD8,HLA-B07:01
UNK,CASSLSGAGGLTEQFF,,,TRBV07-08,TRBJ02,CD8,HLA-DR01:04
CAASALSGANSKLTF,CASSQGSGANVLTF,TRAV29-05,,TRBV04-02,,,HLA-A02:01
UNK,CASSDRTDTQYF,,,TRBV07-09,TRBJ02,CD8,HLA-A02:01
CAASGGGSQGNLIF,CASSQRSQETQYF,TRAV13-01,TRAJ42,TRBV19-01,TRBJ02,CD8,HLA-B42:01
UNK,CASSLDGRPHLEQYF,,,TRBV07-09,TRBJ02,CD8,HLA-A01:01
UNK,CASSFGTVGYEQYF,,,TRBV28-01,TRBJ02,CD8,HLA-A01:01
UNK,CASRSGTRFNTGELFF,,,TRBV07-02,TRBJ02,CD8,HLA-A01:01
UNK,CSARGAFHEQYF,,,TRBV20-01,,,HLA-A02:01
UNK,CASSQEMNRVVGNEQF,,,TRBV04-01,TRBJ02,CD8,HLA-A02:01
UNK,CSQQVNNEQFF,,,TRBV20-01,TRBJ02,CD8,HLA-A01:01
UNK,CASSLARDRIREQYF,,,TRBV05-04,TRBJ02,CD4,HLA-DR01:04
CLVGNGGATNKLIF,CAISDPSGSSYNEQF,TRAV01-01,,TRBV10-03,TRBJ02,CD8,HLA-B07:01
CAVNNQAGTALIF,CASSLTGATDTQYF,TRAV12-02,,TRBV07-08,,,HLA-B07:01
UNK,CATSDRMDNEQF,,,TRBV24-01,TRBJ02,CD8,HLA-B57:01
UNK,CASSQLHYEQYF,,,TRBV07-09,TRBJ02,CD8,HLA-B07:01
CAGNYGGSQGNLIF,CASSLRSTDTQYF,TRAV25-01,TRAJ04,TRBV01-01,TRBJ02,CD8,HLA-B07:01
CALIYFSGGYNKLIF,CASSSPSQGITGELFF,TRAV19-01,,TRBV07-06,,,HLA-A02:01
UNK,CASTPSGTASYEQYF,,,TRBV12-01,TRBJ02,CD8,HLA-A02:01
UNK,CASSAAGALGYTF,,,TRBV07-03,TRBJ01,CD8,HLA-A02:01
CAVNALDYKLSF,CASSTYYEQFF,TRAV08-01,,TRBV19-01,,,HLA-A02:01
UNK,CAWTPGAPGPTDTQYF,,,TRBV30-01,TRBJ02,CD8,HLA-A02:01
UNK,CASSLPRFTHKSRANVLTF,,,TRBV07-08,TRBJ02,CD4,HLA-DR01:04
UNK,CASSYSDSPYNEQFF,,,TRBV06-05,TRBJ02,CD8,HLA-A02:01
UNK,CASSRSSESYGYTF,,,TRBV07-06,TRBJ01,CD4,HLA-DR01:04
CALKDYGQNFVF,CASSLYPGTAEGGYTF,TRAV16-01,TRAJ26,TRBV27-01,TRBJ01,CD8,HLA-B07:01
CATGGSQGNLIF,CASSVRSSYEQYF,TRAV02-01,TRAJ04,TRBV01-01,TRBJ02,CD8,HLA-A02:01
UNK,CATSRLLSEQYF,,,TRBV15-01,TRBJ02,CD8,HLA-B42:01
UNK,CASSFVGGIDGYTF,,,TRBV04-03,TRBJ02,CD8,HLA-DQ02:01
UNK,CASAKTVSHKSRANVLTF,,,TRBV05-05,TRBJ02,CD4,HLA-B07:01
UNK,CASSPPGGNEQFF,,,TRBV07-09,TRBJ02,CD8,HLA-DR15:01
CAEYSSASKIIF,CASSLDYNEQFF,TRAV05-01,,TRBV11-03,,,HLA-A02:01
UNK,CASSPQGINTEAFF,,,TRBV07-09,TRBJ01,CD8,HLA-A02:01
UNK,CASSDFDPICLQDTQYF,,,TRBV03-01,TRBJ02,CD4,HLA-DR01:04
UNK,CASSRLAGGMDEQYF,,,TRBV02-01,TRBJ01,"CD4,CD8",HLA-A02:01
UNK,CASSLGGANVLTF,,,TRBV05-01,TRBJ02,CD4,HLA-DR01:04
UNK,CASSPRTGLNTEAFF,,,TRBV04-02,TRBJ01,CD8,HLA-B07:01
UNK,CASSQDHGTGGYNEQFF,,,TRBV04-03,TRBJ02,CD8,HLA-A02:01
UNK,CASSQVDFRADRSSYNEQFF,,,TRBV14-01,TRBJ02,CD8,HLA-A02:01
UNK,CATSNIAGETQYF,,,TRBV15-01,TRBJ02,CD8,HLA-A01:01
UNK,CASSSNAYNEQFF,,,TRBV07-06,TRBJ02,CD8,HLA-C07:02
UNK,CASSAGTRGVGEQFF,,,TRBV02-01,TRBJ02,"CD4,CD8",HLA-A02:01
UNK,CASSQPQYSGANVLTF,,,TRBV07-09,TRBJ02,CD8,HLA-B57:01
IVYGGFKTI,CASSLRSTDTQYF,TRAV26-01,TRAJ09,TRBV07-02,TRBJ02,CD4,HLA-A02:01
UNK,CASSFTDTQYF,,,TRBV07-02,TRBJ02,CD8,HLA-DR05:01
UNK,CASTTAADTQYF,,,TRBV07-09,TRBJ02,CD8,HLA-A02:01
UNK,CASTPTQLDYEQYF,,,TRBV28-01,TRBJ02,CD8,HLA-C07:02
UNK,CASSLGGGGYEQYF,,,TRBV07-06,TRBJ02,CD8,HLA-B07:01
CAMREGGNGGGFKTIF,CASSLLLARETQYF,TRAV14-04,TRAJ09,TRBV28-01,TRBJ02,CD8,HLA-A02:01
UNK,CASSFNTGELF,,,TRBV28-01,TRBJ02,CD8,HLA-A02:01
UNK,CASSQDGYGYTF,,,TRBV04-03,TRBJ01,CD8,HLA-A02:01
UNK,CAWSPGQGGETQYF,,,TRBV30-01,TRBJ02,CD8,HLA-B07:01
UNK,CASSLIGEGTTEDEQFF,,,TRBV07-09,TRBJ02,CD8,HLA-B07:01
CAVFSGGYQKVTF,CASSPGGGYEQYF,TRAV12-02,,TRBV12-03,,,HLA-B35:01
UNK,CASSLWAEPDTQYF,,,TRBV07-09,,,HLA-B07:01
UNK,CASSSGVSGANVLTF,,,TRBV27-01,,CD8,HLA-A02:01
UNK,CASSSRTGELF,,,TRBV27-01,TRBJ02,CD8,HLA-B07:01
UNK,CASSLSPSTGNYGYTF,,,TRBV27-01,TRBJ01,CD8,HLA-A01:01
UNK,CASSQDGGLAGIQTGELFF,,,TRBV04-02,TRBJ02,CD8,HLA-DR15:01
UNK,CASSADGSFYEQYF,,,TRBV09-01,TRBJ02,CD8,HLA-B08:01
CAVGNSGGYQKVTF,CASSEGGYTEAFF,TRAV12-02,,TRBV06-01,,,HLA-A02:01
UNK,CASSYGAGNQPQHF,,,TRBV06-02,TRBJ01,CD8,HLA-A01:01
UNK,CASSFPWGETQYF,,,TRBV07-02,TRBJ02,CD8,HLA-A02:01
UNK,CASRRGQEKLFF,,,TRBV25-01,TRBJ01,CD8,HLA-C07:02
UNK,CSGGQGEGEQYF,,,TRBV27-01,TRBJ02,CD8,HLA-A02:01
UNK,CASRSGAEAFF,,,TRBV19-01,TRBJ01,CD8,HLA-A02:01
CAVIRSGGYNKLIF,CASSLELAGGPAFF,TRAV12-02,,TRBV05-06,,,HLA-A02:01
UNK,CASSYAVGLAVNNEQFF,,,TRBV06-05,TRBJ02,CD8,HLA-B07:01
CAVPSRPNFGNEKLTF,CASSLGGTEAFF,TRAV21-01,,TRBV07-09,,,HLA-A02:01
UNK,CASSQDRGAVYGYTF,,,TRBV04-01,TRBJ01,CD8,HLA-A24:02
UNK,CASSARDGSMYF,,,TRBV07-09,TRBJ02,CD8,HLA-A02:01
CAVLNNARLMF,CASSVDRVADTQYF,TRAV12-02,,TRBV27-01,,,HLA-A02:01
UNK,CASSLLGGGYAYEQYF,,,TRBV29-01,TRBJ02,CD8,HLA-A02:01
UNK,CASSLGLAATYNEQF,,,TRBV07-09,TRBJ02,CD8,HLA-A02:01
UNK,CASSQDSRGLAAGELFF,,,TRBV04-03,TRBJ02,CD8,HLA-A02:01
UNK,CASSLTYGEYEQYF,,,TRBV07-06,,CD8,HLA-A02:01
UNK,CACSGRVEFF,,,TRBV07-09,TRBJ02,CD8,HLA-B57:01
UNK,CSVWSGSTEAFF,,,TRBV29-01,TRBJ01,CD8,HLA-A02:01
UNK,CASSLVEQGIEQYF,,,TRBV07-08,TRBJ02,CD8,HLA-A01:01
CAASARQGGSEKLVF,CASSLRGTGSYEQYF,TRAV29-05,,TRBV13-01,,,HLA-A02:01
CASRPDKLIF,CASSPGGYYGYTF,TRAV12-02,,TRBV27-01,,,HLA-A02:01
UNK,CSAYDTDGSEAFF,,,TRBV20-01,TRBJ01,CD8,HLA-DR01:04
UNK,CAWSAGAAYEQYF,,,TRBV30-01,TRBJ02,CD8,HLA-A02:01
UNK,CASSLERLGGTSTDTQYF,,,TRBV28-01,TRBJ02,CD8,HLA-A02:01
UNK,CASRLLAGGRSAQYTF,,,TRBV27-01,TRBJ02,CD8,HLA-A01:01
UNK,CAISERAIRGTSGLTDTQYL,,,TRBV10-03,TRBJ02,CD8,HLA-DR01:04
CAGSQNYGGSQGNLIF,CASSWVSLDTQYF,TRAV02-01,TRAJ04,TRBV01-01,TRBJ02,CD8,HLA-DR01:01
UNK,CATTLIMGGYAFF,,,TRBV07-02,TRBJ01,CD8,HLA-B07:01
UNK,CASSYLATYEQYF,,,TRBV06-06,TRBJ02,CD8,HLA-DR01:04
UNK,CASSGLRRDRDTQYF,,,TRBV07-08,TRBJ02,CD8,HLA-A02:01
UNK,CASSLGGVNVEAFF,,,TRBV11-01,TRBJ01,CD8,HLA-C07:02
UNK,CSARDAGLAGLNGAPSSYEQYF,,,TRBV20-01,TRBJ02,CD8,HLA-A24:02
UNK,CASSFWGLGELFF,,,TRBV07-01,,,HLA-A02:01
UNK,CASPPLSGTGHVRGYTF,,,TRBV28-01,TRBJ01,CD8,HLA-A01:01
UNK,CVSSDRQSLVQF,,,TRBV07-09,TRBJ02,CD8,HLA-C07:02
UNK,CASTPGGGEYSPLHF,,,TRBV04-01,TRBJ01,CD8,HLA-B07:01
CVLGVVTGGGNKLTF,CASSERGHYGYTF,TRAV12-02,,TRBV02-01,,,HLA-A02:01
UNK,CASSLSGDYGYTF,,,TRBV09-01,TRBJ01,CD8,HLA-C07:02
UNK,CASSKLASGADEQYF,,,TRBV02-01,TRBJ02,"CD4,CD8",HLA-B07:02
UNK,CASSPRVAGHNEKLFF,,,TRBV09-01,TRBJ01,CD8,HLA-A02:01
UNK,CASSLAGGSNQPQHF,,,TRBV07-09,TRBJ01,CD8,HLA-A02:01
UNK,CAWSGGTSRGAQYF,,,TRBV30-01,TRBJ02,CD8,HLA-B07:02
UNK,CASSSTGLNTEAFF,,,TRBV12-03,TRBJ01,CD8,HLA-B07:01
UNK,CASSLMGLAGEETQYF,,,TRBV07-09,TRBJ02,CD8,HLA-A02:01
UNK,CASEGGNTIYF,,,TRBV07-09,TRBJ01,CD8,HLA-A02:01
CAVRTYNYGQNFVF,CASSLEGQGAPGQPQHF,TRAV03-01,TRAJ26,TRBV07-02,TRBJ01,CD8,HLA-B07:01
UNK,CASSSSTSGNTGELFF,,,TRBV05-01,TRBJ02,CD8,HLA-B27:05
UNK,CASSLRTVSSYEQYF,,,TRBV07-08,TRBJ02,CD8,HLA-B07:01
UNK,CASSFLGGGSDNEQFF,,,TRBV07-03,TRBJ02,CD8,HLA-C07:02
UNK,CASSRLAGGMDEQYF,,,TRBV02-01,TRBJ01,"CD4,CD8",HLA-A02:01
UNK,CASSFMGTSSYEQYF,,,TRBV28-01,TRBJ02,CD8,HLA-A01:01
UNK,CASTPPGGRGYTF,,,TRBV07-09,TRBJ01,CD8,HLA-B07:01
UNK,CASSPRTSGSLSYEQYF,,,TRBV07-09,TRBJ02,CD8,HLA-A02:01
UNK,CATSRDLSFGYGYTF,,,TRBV15-01,TRBJ01,CD8,HLA-A01:01
UNK,CASSLDGRQVNQPQHF,,,TRBV29-01,TRBJ01,CD8,HLA-B08:01
UNK,CSVGTGGTNEKELF,,,,TRBJ01,,HLA-B07:01
UNK,CAIRNSGGPTSTDTQYF,,,,,CD4,HLA-DQ01:06
CGTYNQGGKLIF,CASSGASHEQYF,TRAV12-02,,TRBV27-01,,CD8,HLA-A24:02
UNK,CSATRGGRTDTQYF,,,TRBV20-01,TRBJ02,CD8,HLA-A01:01
UNK,CASSPTTAYEQYF,,,TRBV06-02,TRBJ02,CD8,HLA-DR01:01
CAVTPSNTGKLIF,CASSIRSAYEQYF,TRAV12-02,TRAJ03,TRBV19-01,TRBJ02,CD8,HLA-A02:01
UNK,CASSLAVEGITEAFF,,,TRBV07-02,TRBJ01,CD8,HLA-C07:02
UNK,CAISGGVRSTYNEQF,,,TRBV10-03,TRBJ02,CD8,HLA-A02:01
CAALNTDKLIF,CASSLVGRDTEAF,,,,TRBJ01,CD4,HLA-DR01:04
UNK,CASRSVGTRSYEQYF,,,TRBV06-05,TRBJ02,CD8,HLA-A02:01
UNK,CAWRQGQGFEAFF,,,TRBV30-01,TRBJ01,CD8,HLA-A02:01
UNK,CASRHFLVHWHHQPQHF,,,TRBV21-01,TRBJ01,CD4,HLA-DR01:04
UNK,CASSEPGPGRDGYTF,,,TRBV06-01,TRBJ01,CD8,HLA-A02:01
UNK,CASSRRTSGTYEQYF,,,TRBV02-01,TRBJ02,"CD4,CD8",HLA-B07:02
UNK,CACSGRVEFF,,,TRBV07-09,TRBJ02,CD8,HLA-B07:01
UNK,CASSQGQALNTEAFF,,,TRBV04-02,TRBJ01,CD8,HLA-B07:01
UNK,CASSGLAGLGQF,,,TRBV12-03,TRBJ02,CD8,HLA-A02:01
UNK,CASRVNRGGEQYF,,,TRBV07-09,TRBJ02,CD8,HLA-A01:01
CAVTDYKLSF,CASSEALYEQYF,TRAV12-01,,TRBV06-01,,,HLA-A02:01
UNK,CASRPTGGAGGTDTQYF,,,TRBV07-06,TRBJ02,CD8,HLA-C07:02
UNK,CSVVGQGHEQYF,,,TRBV29-01,TRBJ02,CD8,HLA-C07:02
UNK,CASSSAGTEAFF,,,TRBV19-01,,,HLA-A02:01
UNK,CASSSSQADEQFF,,,TRBV07-09,TRBJ02,CD8,HLA-B07:01
UNK,CASSLGGTQAGEQYF,,,TRBV07-02,TRBJ02,CD8,HLA-B08:01
CAPESGQNFVF,CASSQSTGQPQHF,,,TRBV04-02,TRBJ01,CD8,HLA-A02:01
UNK,CASSLAIGELFF,,,TRBV07-03,TRBJ02,CD8,HLA-B07:01
UNK,CASSPDRAGEQYF,,,TRBV07-09,TRBJ02,CD8,HLA-A24:02
UNK,CASSAVLAGVDDEQYF,,,TRBV07-08,TRBJ02,CD8,HLA-B07:01
UNK,CASSQGASADTQYF,,,TRBV14-01,TRBJ02,CD8,HLA-A02:01
UNK,CASSVWADPNEAF,,,TRBV09-01,TRBJ01,CD8,HLA-DR15:01
UNK,CASSYPSRTGTSRDEQFF,,,TRBV06-02,TRBJ02,CD8,HLA-DQ01:06
UNK,CASRGGNTEAF,,,TRBV06-01,TRBJ01,,HLA-B07:01
UNK,CASSVGGLNTGELF,,,TRBV09-01,TRBJ02,CD8,HLA-B07:01
UNK,CASSSETNWGTGGNQPQHF,,,TRBV07-09,,,HLA-A01:01
UNK,CASSQDRLAGGLETQYF,,,TRBV14-01,TRBJ02,CD8,HLA-DR01:04
